image_index,caption
0,"a single square, centred"
1,a circle in the middle of the frame
2,"a single square, centred"
3,a square in the middle of the frame
4,a small star on a pale background
5,a square in the middle of the frame
6,a star in the middle of the frame
7,one circle shape
8,a star in the middle of the frame
9,picture of a triangle
10,"a single square, centred"
11,picture of a square
12,a square in the middle of the frame
13,one triangle shape
14,"a single star, centred"
15,"a single square, centred"
16,"a single circle, centred"
17,a triangle in the middle of the frame
18,a small square on a pale background
19,"a single star, centred"
20,picture of a triangle
21,"a single star, centred"
22,one square shape
23,"a single triangle, centred"
24,one star shape
25,"a single star, centred"
26,a star in the middle of the frame
27,picture of a star
28,a small triangle on a pale background
29,a small circle on a pale background
30,a small square on a pale background
31,one square shape
32,a star in the middle of the frame
33,picture of a triangle
34,a small square on a pale background
35,"a single square, centred"
36,a small circle on a pale background
37,picture of a circle
38,one triangle shape
39,one star shape
40,one star shape
41,one triangle shape
42,a small star on a pale background
43,"a single square, centred"
44,picture of a circle
45,one square shape
46,a small square on a pale background
47,picture of a square
48,a square in the middle of the frame
49,a circle in the middle of the frame
50,picture of a triangle
51,a small circle on a pale background
52,a circle in the middle of the frame
53,a circle in the middle of the frame
54,picture of a circle
55,picture of a triangle
56,a small circle on a pale background
57,"a single star, centred"
58,picture of a star
59,one circle shape
60,a small circle on a pale background
61,a small star on a pale background
62,a small circle on a pale background
63,a square in the middle of the frame
64,"a single star, centred"
65,"a single square, centred"
66,"a single star, centred"
67,a small square on a pale background
68,a small star on a pale background
69,a square in the middle of the frame
70,one star shape
71,picture of a star
72,"a single star, centred"
73,a small star on a pale background
74,one triangle shape
75,"a single circle, centred"
76,a small circle on a pale background
77,one square shape
78,a star in the middle of the frame
79,"a single square, centred"
80,one square shape
81,one star shape
82,a small square on a pale background
83,a square in the middle of the frame
84,a square in the middle of the frame
85,a small square on a pale background
86,picture of a triangle
87,picture of a circle
88,a small square on a pale background
89,a small triangle on a pale background
90,"a single triangle, centred"
91,a square in the middle of the frame
92,"a single square, centred"
93,a small square on a pale background
94,picture of a circle
95,"a single circle, centred"
96,a circle in the middle of the frame
97,a triangle in the middle of the frame
98,a small square on a pale background
99,"a single star, centred"
100,a star in the middle of the frame
101,one star shape
102,picture of a triangle
103,a triangle in the middle of the frame
104,a small star on a pale background
105,a triangle in the middle of the frame
106,one triangle shape
107,"a single triangle, centred"
108,one square shape
109,"a single circle, centred"
110,"a single square, centred"
111,a small triangle on a pale background
112,"a single star, centred"
113,a square in the middle of the frame
114,a small square on a pale background
115,one square shape
116,a star in the middle of the frame
117,"a single square, centred"
118,"a single triangle, centred"
119,picture of a star
120,a small star on a pale background
121,"a single circle, centred"
122,picture of a star
123,a small circle on a pale background
124,picture of a triangle
125,a square in the middle of the frame
126,"a single star, centred"
127,picture of a star
128,picture of a triangle
129,a small star on a pale background
130,a circle in the middle of the frame
131,"a single circle, centred"
132,picture of a triangle
133,picture of a circle
134,a small star on a pale background
135,"a single star, centred"
136,a circle in the middle of the frame
137,a small circle on a pale background
138,a small circle on a pale background
139,"a single circle, centred"
140,a circle in the middle of the frame
141,a triangle in the middle of the frame
142,a small star on a pale background
143,a square in the middle of the frame
144,"a single circle, centred"
145,one triangle shape
146,"a single circle, centred"
147,a small circle on a pale background
148,a circle in the middle of the frame
149,one circle shape
150,picture of a circle
151,a small triangle on a pale background
152,a small square on a pale background
153,"a single star, centred"
154,a small star on a pale background
155,one circle shape
156,a circle in the middle of the frame
157,a star in the middle of the frame
158,one square shape
159,a small circle on a pale background
160,"a single square, centred"
161,a small square on a pale background
162,a small circle on a pale background
163,"a single circle, centred"
164,a star in the middle of the frame
165,a star in the middle of the frame
166,a star in the middle of the frame
167,a small square on a pale background
168,picture of a circle
169,a small star on a pale background
170,a circle in the middle of the frame
171,a star in the middle of the frame
172,picture of a triangle
173,a square in the middle of the frame
174,picture of a circle
175,picture of a triangle
176,"a single star, centred"
177,"a single square, centred"
178,a small circle on a pale background
179,one square shape
180,one triangle shape
181,picture of a star
182,"a single square, centred"
183,"a single triangle, centred"
184,picture of a star
185,picture of a star
186,picture of a square
187,"a single circle, centred"
188,"a single triangle, centred"
189,one square shape
190,one square shape
191,"a single square, centred"
192,picture of a triangle
193,one circle shape
194,one star shape
195,a small square on a pale background
196,picture of a triangle
197,one star shape
198,picture of a circle
199,a triangle in the middle of the frame
200,picture of a circle
201,picture of a star
202,picture of a circle
203,"a single triangle, centred"
204,"a single square, centred"
205,picture of a star
206,one star shape
207,a small circle on a pale background
208,a small square on a pale background
209,a circle in the middle of the frame
210,picture of a square
211,picture of a square
212,a small star on a pale background
213,"a single circle, centred"
214,a triangle in the middle of the frame
215,one star shape
216,one triangle shape
217,picture of a square
218,a small circle on a pale background
219,"a single circle, centred"
220,one circle shape
221,a star in the middle of the frame
222,a small star on a pale background
223,a star in the middle of the frame
224,one triangle shape
225,a star in the middle of the frame
226,"a single star, centred"
227,a star in the middle of the frame
228,picture of a square
229,one triangle shape
230,a star in the middle of the frame
231,a small triangle on a pale background
232,"a single circle, centred"
233,a square in the middle of the frame
234,a circle in the middle of the frame
235,a star in the middle of the frame
236,a triangle in the middle of the frame
237,picture of a star
238,"a single star, centred"
239,"a single star, centred"
240,a small triangle on a pale background
241,a triangle in the middle of the frame
242,a star in the middle of the frame
243,picture of a circle
244,picture of a triangle
245,a small star on a pale background
246,a circle in the middle of the frame
247,"a single square, centred"
248,one triangle shape
249,a circle in the middle of the frame
250,picture of a star
251,a circle in the middle of the frame
252,"a single square, centred"
253,a square in the middle of the frame
254,one triangle shape
255,one circle shape
256,"a single star, centred"
257,one triangle shape
258,"a single circle, centred"
259,picture of a circle
260,one circle shape
261,picture of a square
262,picture of a triangle
263,a square in the middle of the frame
264,"a single square, centred"
265,a triangle in the middle of the frame
266,"a single star, centred"
267,"a single star, centred"
268,picture of a circle
269,"a single triangle, centred"
270,picture of a star
271,a small square on a pale background
272,picture of a square
273,picture of a star
274,one square shape
275,picture of a triangle
276,a triangle in the middle of the frame
277,picture of a star
278,one square shape
279,one star shape
280,a square in the middle of the frame
281,one triangle shape
282,a small square on a pale background
283,"a single square, centred"
284,"a single triangle, centred"
285,a small circle on a pale background
286,one circle shape
287,"a single circle, centred"
288,a circle in the middle of the frame
289,"a single star, centred"
290,"a single triangle, centred"
291,"a single triangle, centred"
292,one square shape
293,one circle shape
294,"a single square, centred"
295,a small star on a pale background
296,a small circle on a pale background
297,a triangle in the middle of the frame
298,"a single square, centred"
299,a star in the middle of the frame
300,picture of a star
301,one star shape
302,"a single square, centred"
303,picture of a triangle
304,one circle shape
305,a small circle on a pale background
306,picture of a triangle
307,one triangle shape
308,a small star on a pale background
309,a small circle on a pale background
310,picture of a circle
311,a star in the middle of the frame
312,a circle in the middle of the frame
313,one circle shape
314,a small circle on a pale background
315,a star in the middle of the frame
316,picture of a circle
317,"a single circle, centred"
318,a small square on a pale background
319,a small star on a pale background
320,a small star on a pale background
321,a small star on a pale background
322,a circle in the middle of the frame
323,picture of a triangle
324,one star shape
325,"a single circle, centred"
326,a circle in the middle of the frame
327,a small star on a pale background
328,"a single square, centred"
329,one square shape
330,one triangle shape
331,a small square on a pale background
332,one star shape
333,picture of a square
334,a square in the middle of the frame
335,"a single triangle, centred"
336,a small circle on a pale background
337,"a single circle, centred"
338,one square shape
339,a square in the middle of the frame
340,one circle shape
341,one triangle shape
342,picture of a triangle
343,picture of a triangle
344,a circle in the middle of the frame
345,a small triangle on a pale background
346,one triangle shape
347,one triangle shape
348,a small circle on a pale background
349,a circle in the middle of the frame
350,"a single triangle, centred"
351,"a single square, centred"
352,one triangle shape
353,picture of a star
354,a triangle in the middle of the frame
355,picture of a triangle
356,a small triangle on a pale background
357,one star shape
358,a small square on a pale background
359,picture of a star
360,picture of a square
361,one star shape
362,one circle shape
363,one circle shape
364,picture of a triangle
365,one circle shape
366,picture of a circle
367,picture of a star
368,a square in the middle of the frame
369,a circle in the middle of the frame
370,picture of a star
371,a triangle in the middle of the frame
372,a triangle in the middle of the frame
373,a triangle in the middle of the frame
374,one triangle shape
375,"a single circle, centred"
376,picture of a square
377,a square in the middle of the frame
378,a circle in the middle of the frame
379,a small circle on a pale background
380,a star in the middle of the frame
381,one circle shape
382,picture of a star
383,one circle shape
384,one circle shape
385,a small star on a pale background
386,a square in the middle of the frame
387,a circle in the middle of the frame
388,one circle shape
389,"a single square, centred"
390,one triangle shape
391,one square shape
392,one square shape
393,"a single triangle, centred"
394,"a single square, centred"
395,picture of a circle
396,picture of a circle
397,a small star on a pale background
398,a triangle in the middle of the frame
399,a small star on a pale background
400,picture of a circle
401,a triangle in the middle of the frame
402,a triangle in the middle of the frame
403,a small circle on a pale background
404,one triangle shape
405,picture of a circle
406,a small circle on a pale background
407,a small triangle on a pale background
408,a small square on a pale background
409,picture of a star
410,one circle shape
411,one star shape
412,one star shape
413,one circle shape
414,picture of a star
415,picture of a star
416,one square shape
417,picture of a star
418,a small circle on a pale background
419,"a single square, centred"
420,a square in the middle of the frame
421,a small star on a pale background
422,one square shape
423,"a single triangle, centred"
424,a small star on a pale background
425,one triangle shape
426,picture of a square
427,a small star on a pale background
428,picture of a circle
429,picture of a circle
430,a star in the middle of the frame
431,a square in the middle of the frame
432,"a single star, centred"
433,"a single square, centred"
434,picture of a triangle
435,a star in the middle of the frame
436,one star shape
437,a circle in the middle of the frame
438,a circle in the middle of the frame
439,picture of a square
440,a small circle on a pale background
441,a circle in the middle of the frame
442,a star in the middle of the frame
443,picture of a square
444,a circle in the middle of the frame
445,"a single circle, centred"
446,picture of a triangle
447,one triangle shape
448,one circle shape
449,picture of a triangle
450,picture of a circle
451,a triangle in the middle of the frame
452,"a single triangle, centred"
453,a small square on a pale background
454,a triangle in the middle of the frame
455,picture of a circle
456,"a single triangle, centred"
457,a star in the middle of the frame
458,picture of a star
459,"a single triangle, centred"
460,picture of a triangle
461,a small star on a pale background
462,a small circle on a pale background
463,picture of a square
464,"a single star, centred"
465,"a single star, centred"
466,picture of a square
467,one star shape
468,a triangle in the middle of the frame
469,a small circle on a pale background
470,picture of a circle
471,one star shape
472,a circle in the middle of the frame
473,"a single star, centred"
474,a small square on a pale background
475,"a single circle, centred"
476,"a single square, centred"
477,a star in the middle of the frame
478,a small triangle on a pale background
479,picture of a triangle
480,a small square on a pale background
481,a circle in the middle of the frame
482,one triangle shape
483,picture of a square
484,picture of a star
485,a small triangle on a pale background
486,one triangle shape
487,a square in the middle of the frame
488,a triangle in the middle of the frame
489,"a single triangle, centred"
490,one square shape
491,a star in the middle of the frame
492,one star shape
493,"a single triangle, centred"
494,picture of a circle
495,a small triangle on a pale background
496,picture of a triangle
497,a small triangle on a pale background
498,one star shape
499,"a single triangle, centred"
500,a circle in the middle of the frame
501,a circle in the middle of the frame
502,picture of a circle
503,a star in the middle of the frame
504,picture of a star
505,one circle shape
506,a star in the middle of the frame
507,"a single circle, centred"
508,a star in the middle of the frame
509,picture of a star
510,one circle shape
511,"a single star, centred"
512,a star in the middle of the frame
513,one square shape
514,"a single triangle, centred"
515,a small star on a pale background
516,a triangle in the middle of the frame
517,a small circle on a pale background
518,a small triangle on a pale background
519,a small square on a pale background
520,"a single circle, centred"
521,picture of a circle
522,"a single square, centred"
523,a small circle on a pale background
524,a square in the middle of the frame
525,a star in the middle of the frame
526,a small star on a pale background
527,one square shape
528,one star shape
529,a star in the middle of the frame
530,"a single circle, centred"
531,a square in the middle of the frame
532,one triangle shape
533,"a single star, centred"
534,a star in the middle of the frame
535,one star shape
536,a star in the middle of the frame
537,one triangle shape
538,one star shape
539,picture of a triangle
540,picture of a circle
541,picture of a triangle
542,"a single square, centred"
543,one triangle shape
544,a small star on a pale background
545,"a single square, centred"
546,a small square on a pale background
547,picture of a square
548,"a single triangle, centred"
549,"a single square, centred"
550,a star in the middle of the frame
551,a triangle in the middle of the frame
552,"a single triangle, centred"
553,one circle shape
554,a small star on a pale background
555,a circle in the middle of the frame
556,a triangle in the middle of the frame
557,a small triangle on a pale background
558,picture of a triangle
559,picture of a square
560,picture of a circle
561,"a single square, centred"
562,one circle shape
563,a triangle in the middle of the frame
564,picture of a star
565,one circle shape
566,picture of a circle
567,one circle shape
568,"a single circle, centred"
569,"a single square, centred"
570,picture of a circle
571,a triangle in the middle of the frame
572,one triangle shape
573,a triangle in the middle of the frame
574,one circle shape
575,a triangle in the middle of the frame
576,a square in the middle of the frame
577,a triangle in the middle of the frame
578,one triangle shape
579,one circle shape
580,a star in the middle of the frame
581,"a single star, centred"
582,one triangle shape
583,a square in the middle of the frame
584,"a single star, centred"
585,one triangle shape
586,"a single circle, centred"
587,one circle shape
588,"a single star, centred"
589,"a single square, centred"
590,a small triangle on a pale background
591,"a single triangle, centred"
592,"a single square, centred"
593,picture of a triangle
594,a circle in the middle of the frame
595,one square shape
596,"a single square, centred"
597,a square in the middle of the frame
598,picture of a triangle
599,a small triangle on a pale background
600,"a single circle, centred"
601,a square in the middle of the frame
602,a small circle on a pale background
603,picture of a circle
604,a circle in the middle of the frame
605,"a single square, centred"
606,one circle shape
607,"a single star, centred"
608,a small square on a pale background
609,picture of a square
610,"a single star, centred"
611,picture of a star
612,a small circle on a pale background
613,a triangle in the middle of the frame
614,one square shape
615,picture of a circle
616,"a single square, centred"
617,a small circle on a pale background
618,"a single square, centred"
619,one triangle shape
620,"a single star, centred"
621,one square shape
622,a small star on a pale background
623,"a single square, centred"
624,a small square on a pale background
625,one triangle shape
626,a triangle in the middle of the frame
627,"a single triangle, centred"
628,a star in the middle of the frame
629,a circle in the middle of the frame
630,a triangle in the middle of the frame
631,a small circle on a pale background
632,picture of a triangle
633,picture of a square
634,a star in the middle of the frame
635,a small triangle on a pale background
636,a small triangle on a pale background
637,"a single triangle, centred"
638,"a single square, centred"
639,picture of a square
640,a circle in the middle of the frame
641,"a single triangle, centred"
642,picture of a circle
643,one square shape
644,a triangle in the middle of the frame
645,"a single square, centred"
646,a circle in the middle of the frame
647,a circle in the middle of the frame
648,picture of a triangle
649,a triangle in the middle of the frame
650,a small square on a pale background
651,a square in the middle of the frame
652,picture of a triangle
653,picture of a circle
654,"a single star, centred"
655,picture of a square
656,a small star on a pale background
657,a triangle in the middle of the frame
658,a small circle on a pale background
659,"a single square, centred"
660,picture of a triangle
661,a square in the middle of the frame
662,one circle shape
663,a triangle in the middle of the frame
664,a small triangle on a pale background
665,a small square on a pale background
666,a triangle in the middle of the frame
667,a small triangle on a pale background
668,"a single square, centred"
669,picture of a star
670,picture of a circle
671,"a single square, centred"
672,picture of a triangle
673,a small triangle on a pale background
674,"a single star, centred"
675,a small triangle on a pale background
676,a small star on a pale background
677,"a single square, centred"
678,"a single star, centred"
679,a small square on a pale background
680,a star in the middle of the frame
681,a small circle on a pale background
682,a small triangle on a pale background
683,a square in the middle of the frame
684,"a single circle, centred"
685,one circle shape
686,a small star on a pale background
687,"a single square, centred"
688,one square shape
689,"a single square, centred"
690,"a single star, centred"
691,a small star on a pale background
692,a small star on a pale background
693,a small star on a pale background
694,a square in the middle of the frame
695,"a single square, centred"
696,one triangle shape
697,picture of a triangle
698,picture of a square
699,picture of a circle
700,picture of a star
701,a square in the middle of the frame
702,a small star on a pale background
703,one square shape
704,a small star on a pale background
705,a small triangle on a pale background
706,"a single circle, centred"
707,a square in the middle of the frame
708,one circle shape
709,"a single circle, centred"
710,a small triangle on a pale background
711,"a single triangle, centred"
712,one circle shape
713,one triangle shape
714,one square shape
715,one triangle shape
716,a small star on a pale background
717,a small square on a pale background
718,a triangle in the middle of the frame
719,a small circle on a pale background
720,one circle shape
721,a small square on a pale background
722,picture of a star
723,"a single triangle, centred"
724,a triangle in the middle of the frame
725,picture of a circle
726,a star in the middle of the frame
727,one circle shape
728,a small square on a pale background
729,one square shape
730,one star shape
731,"a single square, centred"
732,a triangle in the middle of the frame
733,picture of a square
734,"a single triangle, centred"
735,a small circle on a pale background
736,a star in the middle of the frame
737,"a single star, centred"
738,a small square on a pale background
739,a small triangle on a pale background
740,picture of a star
741,a triangle in the middle of the frame
742,one triangle shape
743,a star in the middle of the frame
744,picture of a star
745,a triangle in the middle of the frame
746,picture of a star
747,a small square on a pale background
748,picture of a square
749,"a single square, centred"
750,picture of a triangle
751,picture of a star
752,a circle in the middle of the frame
753,"a single square, centred"
754,picture of a triangle
755,a small star on a pale background
756,picture of a square
757,"a single star, centred"
758,a square in the middle of the frame
759,one circle shape
760,picture of a square
761,a small star on a pale background
762,picture of a square
763,"a single circle, centred"
764,a small square on a pale background
765,a small star on a pale background
766,picture of a circle
767,picture of a circle
768,picture of a triangle
769,one circle shape
770,"a single star, centred"
771,"a single square, centred"
772,picture of a circle
773,a star in the middle of the frame
774,one square shape
775,a triangle in the middle of the frame
776,"a single triangle, centred"
777,a triangle in the middle of the frame
778,a small square on a pale background
779,a small square on a pale background
780,one square shape
781,"a single triangle, centred"
782,a small circle on a pale background
783,a circle in the middle of the frame
784,a star in the middle of the frame
785,a circle in the middle of the frame
786,"a single star, centred"
787,"a single triangle, centred"
788,"a single triangle, centred"
789,a circle in the middle of the frame
790,a square in the middle of the frame
791,"a single star, centred"
792,a small circle on a pale background
793,a star in the middle of the frame
794,one square shape
795,one star shape
796,a square in the middle of the frame
797,one square shape
798,one triangle shape
799,picture of a star
800,"a single circle, centred"
801,"a single circle, centred"
802,picture of a circle
803,"a single triangle, centred"
804,a small circle on a pale background
805,a star in the middle of the frame
806,picture of a triangle
807,"a single star, centred"
808,a triangle in the middle of the frame
809,one square shape
810,a triangle in the middle of the frame
811,"a single square, centred"
812,"a single circle, centred"
813,picture of a square
814,a small circle on a pale background
815,"a single circle, centred"
816,picture of a square
817,one square shape
818,one circle shape
819,a triangle in the middle of the frame
820,picture of a triangle
821,a star in the middle of the frame
822,picture of a triangle
823,one circle shape
824,one star shape
825,one circle shape
826,a small square on a pale background
827,picture of a circle
828,"a single square, centred"
829,a star in the middle of the frame
830,a triangle in the middle of the frame
831,one star shape
832,picture of a circle
833,"a single triangle, centred"
834,picture of a circle
835,one square shape
836,a small circle on a pale background
837,picture of a circle
838,"a single star, centred"
839,"a single square, centred"
840,one square shape
841,a square in the middle of the frame
842,"a single square, centred"
843,a small circle on a pale background
844,"a single star, centred"
845,a small triangle on a pale background
846,a triangle in the middle of the frame
847,a small circle on a pale background
848,one triangle shape
849,a small star on a pale background
850,one triangle shape
851,"a single star, centred"
852,picture of a square
853,"a single square, centred"
854,"a single triangle, centred"
855,"a single square, centred"
856,picture of a circle
857,one circle shape
858,one circle shape
859,one star shape
860,a square in the middle of the frame
861,a circle in the middle of the frame
862,picture of a triangle
863,"a single square, centred"
864,a triangle in the middle of the frame
865,a star in the middle of the frame
866,one star shape
867,one circle shape
868,picture of a square
869,a small star on a pale background
870,a small circle on a pale background
871,one circle shape
872,one square shape
873,picture of a circle
874,"a single triangle, centred"
875,a small square on a pale background
876,a small square on a pale background
877,a small square on a pale background
878,one star shape
879,one circle shape
880,picture of a circle
881,a circle in the middle of the frame
882,one circle shape
883,a small star on a pale background
884,one triangle shape
885,a small circle on a pale background
886,picture of a star
887,picture of a square
888,a triangle in the middle of the frame
889,picture of a square
890,a star in the middle of the frame
891,picture of a square
892,a small triangle on a pale background
893,a square in the middle of the frame
894,a star in the middle of the frame
895,"a single square, centred"
896,"a single circle, centred"
897,a circle in the middle of the frame
898,picture of a circle
899,picture of a triangle
900,one triangle shape
901,picture of a star
902,one circle shape
903,a small square on a pale background
904,a small triangle on a pale background
905,picture of a square
906,picture of a circle
907,"a single circle, centred"
908,one triangle shape
909,one triangle shape
910,a small square on a pale background
911,one triangle shape
912,picture of a circle
913,picture of a square
914,picture of a star
915,"a single triangle, centred"
916,a circle in the middle of the frame
917,a small triangle on a pale background
918,a star in the middle of the frame
919,picture of a circle
920,a small square on a pale background
921,picture of a star
922,a triangle in the middle of the frame
923,picture of a circle
924,"a single star, centred"
925,one triangle shape
926,a circle in the middle of the frame
927,"a single circle, centred"
928,a triangle in the middle of the frame
929,a square in the middle of the frame
930,a triangle in the middle of the frame
931,picture of a circle
932,"a single circle, centred"
933,one circle shape
934,a star in the middle of the frame
935,a small circle on a pale background
936,a triangle in the middle of the frame
937,a star in the middle of the frame
938,a small square on a pale background
939,a small circle on a pale background
940,a small triangle on a pale background
941,a star in the middle of the frame
942,a small triangle on a pale background
943,a small square on a pale background
944,"a single triangle, centred"
945,picture of a circle
946,one square shape
947,one square shape
948,picture of a star
949,a small circle on a pale background
950,a triangle in the middle of the frame
951,"a single square, centred"
952,"a single square, centred"
953,"a single circle, centred"
954,a small square on a pale background
955,a square in the middle of the frame
956,a square in the middle of the frame
957,a triangle in the middle of the frame
958,"a single circle, centred"
959,a small square on a pale background
960,one square shape
961,"a single square, centred"
962,picture of a square
963,one star shape
964,"a single triangle, centred"
965,one star shape
966,"a single star, centred"
967,a small circle on a pale background
968,"a single triangle, centred"
969,a small triangle on a pale background
970,a star in the middle of the frame
971,"a single star, centred"
972,a small circle on a pale background
973,one circle shape
974,a small circle on a pale background
975,picture of a circle
976,one square shape
977,"a single square, centred"
978,a small square on a pale background
979,a star in the middle of the frame
980,picture of a triangle
981,one square shape
982,picture of a circle
983,"a single circle, centred"
984,a small circle on a pale background
985,picture of a circle
986,picture of a square
987,"a single square, centred"
988,"a single circle, centred"
989,a star in the middle of the frame
990,"a single circle, centred"
991,picture of a triangle
992,a star in the middle of the frame
993,one square shape
994,one triangle shape
995,a triangle in the middle of the frame
996,a circle in the middle of the frame
997,"a single star, centred"
998,a square in the middle of the frame
999,a small triangle on a pale background
1000,picture of a triangle
1001,a triangle in the middle of the frame
1002,a small circle on a pale background
1003,one star shape
1004,picture of a circle
1005,a small circle on a pale background
1006,"a single circle, centred"
1007,one star shape
1008,a triangle in the middle of the frame
1009,picture of a star
1010,picture of a star
1011,a star in the middle of the frame
1012,a small square on a pale background
1013,"a single triangle, centred"
1014,a square in the middle of the frame
1015,one triangle shape
1016,a small square on a pale background
1017,picture of a star
1018,a star in the middle of the frame
1019,a triangle in the middle of the frame
1020,a small star on a pale background
1021,a circle in the middle of the frame
1022,a small circle on a pale background
1023,a star in the middle of the frame
1024,a star in the middle of the frame
1025,one square shape
1026,picture of a square
1027,"a single star, centred"
1028,a triangle in the middle of the frame
1029,"a single triangle, centred"
1030,a star in the middle of the frame
1031,a small star on a pale background
1032,a small star on a pale background
1033,picture of a square
1034,a triangle in the middle of the frame
1035,"a single circle, centred"
1036,one square shape
1037,"a single circle, centred"
1038,one square shape
1039,a small triangle on a pale background
1040,one triangle shape
1041,picture of a triangle
1042,one square shape
1043,a circle in the middle of the frame
1044,a triangle in the middle of the frame
1045,one circle shape
1046,a square in the middle of the frame
1047,a small square on a pale background
1048,a star in the middle of the frame
1049,a circle in the middle of the frame
1050,"a single triangle, centred"
1051,one square shape
1052,one star shape
1053,picture of a triangle
1054,a small star on a pale background
1055,picture of a square
1056,picture of a circle
1057,a small square on a pale background
1058,a small star on a pale background
1059,"a single star, centred"
1060,"a single circle, centred"
1061,one triangle shape
1062,a circle in the middle of the frame
1063,a small star on a pale background
1064,a small square on a pale background
1065,one star shape
1066,picture of a triangle
1067,a circle in the middle of the frame
1068,a small triangle on a pale background
1069,picture of a star
1070,"a single circle, centred"
1071,one triangle shape
1072,a star in the middle of the frame
1073,a circle in the middle of the frame
1074,a star in the middle of the frame
1075,"a single triangle, centred"
1076,"a single star, centred"
1077,"a single circle, centred"
1078,"a single square, centred"
1079,a small triangle on a pale background
1080,"a single star, centred"
1081,"a single circle, centred"
1082,a square in the middle of the frame
1083,picture of a circle
1084,picture of a square
1085,picture of a square
1086,one triangle shape
1087,one triangle shape
1088,"a single triangle, centred"
1089,picture of a square
1090,"a single star, centred"
1091,one square shape
1092,one circle shape
1093,"a single triangle, centred"
1094,"a single star, centred"
1095,"a single circle, centred"
1096,"a single star, centred"
1097,picture of a star
1098,a circle in the middle of the frame
1099,picture of a square
1100,a small circle on a pale background
1101,one square shape
1102,a square in the middle of the frame
1103,a star in the middle of the frame
1104,one star shape
1105,one triangle shape
1106,a small triangle on a pale background
1107,a small square on a pale background
1108,a triangle in the middle of the frame
1109,a triangle in the middle of the frame
1110,"a single triangle, centred"
1111,a star in the middle of the frame
1112,"a single star, centred"
1113,one star shape
1114,picture of a square
1115,a square in the middle of the frame
1116,"a single triangle, centred"
1117,picture of a circle
1118,one triangle shape
1119,"a single triangle, centred"
1120,a small circle on a pale background
1121,a circle in the middle of the frame
1122,one square shape
1123,picture of a star
1124,"a single circle, centred"
1125,one star shape
1126,"a single circle, centred"
1127,one square shape
1128,picture of a triangle
1129,a small circle on a pale background
1130,a star in the middle of the frame
1131,a triangle in the middle of the frame
1132,"a single square, centred"
1133,a small star on a pale background
1134,picture of a star
1135,a small star on a pale background
1136,picture of a star
1137,one circle shape
1138,one square shape
1139,"a single star, centred"
1140,picture of a circle
1141,picture of a star
1142,picture of a square
1143,a small triangle on a pale background
1144,a small star on a pale background
1145,a circle in the middle of the frame
1146,a small circle on a pale background
1147,a triangle in the middle of the frame
1148,picture of a star
1149,a small circle on a pale background
1150,picture of a circle
1151,a circle in the middle of the frame
1152,picture of a triangle
1153,a star in the middle of the frame
1154,picture of a square
1155,a small triangle on a pale background
1156,a small triangle on a pale background
1157,a triangle in the middle of the frame
1158,picture of a triangle
1159,one square shape
1160,a circle in the middle of the frame
1161,a small triangle on a pale background
1162,a small star on a pale background
1163,"a single square, centred"
1164,"a single circle, centred"
1165,a star in the middle of the frame
1166,a small star on a pale background
1167,picture of a triangle
1168,one circle shape
1169,picture of a star
1170,a small square on a pale background
1171,a circle in the middle of the frame
1172,"a single star, centred"
1173,a small triangle on a pale background
1174,"a single circle, centred"
1175,one circle shape
1176,"a single square, centred"
1177,"a single triangle, centred"
1178,one star shape
1179,a square in the middle of the frame
1180,picture of a star
1181,a small square on a pale background
1182,picture of a star
1183,a square in the middle of the frame
1184,a small circle on a pale background
1185,picture of a circle
1186,"a single square, centred"
1187,a triangle in the middle of the frame
1188,a star in the middle of the frame
1189,"a single square, centred"
1190,picture of a triangle
1191,one square shape
1192,"a single circle, centred"
1193,a square in the middle of the frame
1194,"a single circle, centred"
1195,a triangle in the middle of the frame
1196,"a single star, centred"
1197,one star shape
1198,one triangle shape
1199,one circle shape
1200,"a single triangle, centred"
1201,a small triangle on a pale background
1202,picture of a circle
1203,"a single triangle, centred"
1204,a small square on a pale background
1205,a small star on a pale background
1206,a triangle in the middle of the frame
1207,a star in the middle of the frame
1208,one star shape
1209,a small circle on a pale background
1210,one star shape
1211,one circle shape
1212,a small circle on a pale background
1213,one square shape
1214,picture of a circle
1215,one triangle shape
1216,a square in the middle of the frame
1217,a small triangle on a pale background
1218,one triangle shape
1219,one circle shape
1220,"a single star, centred"
1221,a circle in the middle of the frame
1222,a small triangle on a pale background
1223,picture of a triangle
1224,a small triangle on a pale background
1225,a triangle in the middle of the frame
1226,a circle in the middle of the frame
1227,a small star on a pale background
1228,a small circle on a pale background
1229,picture of a circle
1230,a star in the middle of the frame
1231,a square in the middle of the frame
1232,a small star on a pale background
1233,"a single star, centred"
1234,a triangle in the middle of the frame
1235,a circle in the middle of the frame
1236,a small star on a pale background
1237,picture of a triangle
1238,one square shape
1239,picture of a circle
1240,a small star on a pale background
1241,one circle shape
1242,"a single square, centred"
1243,a circle in the middle of the frame
1244,one circle shape
1245,one star shape
1246,picture of a circle
1247,a square in the middle of the frame
1248,picture of a square
1249,one square shape
1250,picture of a square
1251,picture of a square
1252,a circle in the middle of the frame
1253,one star shape
1254,picture of a square
1255,"a single square, centred"
1256,picture of a circle
1257,a triangle in the middle of the frame
1258,a star in the middle of the frame
1259,"a single square, centred"
1260,a circle in the middle of the frame
1261,a small square on a pale background
1262,"a single triangle, centred"
1263,"a single circle, centred"
1264,"a single star, centred"
1265,one square shape
1266,picture of a square
1267,a small triangle on a pale background
1268,picture of a square
1269,picture of a triangle
1270,one square shape
1271,a triangle in the middle of the frame
1272,a small circle on a pale background
1273,picture of a square
1274,"a single square, centred"
1275,a circle in the middle of the frame
1276,one triangle shape
1277,picture of a circle
1278,a star in the middle of the frame
1279,"a single triangle, centred"
1280,picture of a star
1281,a small circle on a pale background
1282,one star shape
1283,a star in the middle of the frame
1284,"a single square, centred"
1285,one star shape
1286,"a single square, centred"
1287,a circle in the middle of the frame
1288,one circle shape
1289,picture of a triangle
1290,picture of a triangle
1291,picture of a star
1292,"a single circle, centred"
1293,"a single square, centred"
1294,one circle shape
1295,a small square on a pale background
1296,"a single circle, centred"
1297,picture of a triangle
1298,a square in the middle of the frame
1299,picture of a star
1300,one triangle shape
1301,one square shape
1302,one triangle shape
1303,picture of a triangle
1304,"a single star, centred"
1305,a small star on a pale background
1306,"a single square, centred"
1307,a small square on a pale background
1308,a small star on a pale background
1309,one triangle shape
1310,one square shape
1311,a small triangle on a pale background
1312,one circle shape
1313,picture of a square
1314,a circle in the middle of the frame
1315,a small circle on a pale background
1316,picture of a star
1317,picture of a square
1318,picture of a star
1319,a square in the middle of the frame
1320,a small star on a pale background
1321,a small square on a pale background
1322,one star shape
1323,one star shape
1324,"a single square, centred"
1325,a star in the middle of the frame
1326,one triangle shape
1327,a small circle on a pale background
1328,one triangle shape
1329,a star in the middle of the frame
1330,one circle shape
1331,a star in the middle of the frame
1332,a star in the middle of the frame
1333,a circle in the middle of the frame
1334,picture of a square
1335,"a single square, centred"
1336,"a single circle, centred"
1337,a star in the middle of the frame
1338,a triangle in the middle of the frame
1339,"a single triangle, centred"
1340,"a single star, centred"
1341,a small triangle on a pale background
1342,one star shape
1343,picture of a circle
1344,one square shape
1345,a circle in the middle of the frame
1346,a circle in the middle of the frame
1347,one square shape
1348,a star in the middle of the frame
1349,a small circle on a pale background
1350,a star in the middle of the frame
1351,a triangle in the middle of the frame
1352,"a single square, centred"
1353,one triangle shape
1354,"a single circle, centred"
1355,"a single triangle, centred"
1356,a small square on a pale background
1357,"a single star, centred"
1358,a small square on a pale background
1359,picture of a star
1360,one triangle shape
1361,a star in the middle of the frame
1362,"a single triangle, centred"
1363,a square in the middle of the frame
1364,a small star on a pale background
1365,picture of a square
1366,"a single square, centred"
1367,picture of a triangle
1368,one triangle shape
1369,a small square on a pale background
1370,"a single square, centred"
1371,a small triangle on a pale background
1372,one star shape
1373,picture of a square
1374,a square in the middle of the frame
1375,picture of a star
1376,picture of a square
1377,one star shape
1378,a triangle in the middle of the frame
1379,one triangle shape
1380,a small circle on a pale background
1381,picture of a triangle
1382,a circle in the middle of the frame
1383,"a single star, centred"
1384,picture of a square
1385,a small square on a pale background
1386,one triangle shape
1387,a small triangle on a pale background
1388,a small triangle on a pale background
1389,one triangle shape
1390,"a single triangle, centred"
1391,picture of a square
1392,"a single triangle, centred"
1393,a circle in the middle of the frame
1394,a triangle in the middle of the frame
1395,"a single star, centred"
1396,picture of a star
1397,"a single square, centred"
1398,"a single triangle, centred"
1399,"a single square, centred"
1400,picture of a circle
1401,one triangle shape
1402,"a single triangle, centred"
1403,"a single star, centred"
1404,a small star on a pale background
1405,a circle in the middle of the frame
1406,picture of a circle
1407,picture of a circle
1408,"a single star, centred"
1409,picture of a star
1410,a small circle on a pale background
1411,one square shape
1412,a square in the middle of the frame
1413,one star shape
1414,a small square on a pale background
1415,a star in the middle of the frame
1416,a triangle in the middle of the frame
1417,a triangle in the middle of the frame
1418,one square shape
1419,picture of a square
1420,"a single square, centred"
1421,a small square on a pale background
1422,a triangle in the middle of the frame
1423,"a single square, centred"
1424,a small triangle on a pale background
1425,a small star on a pale background
1426,one square shape
1427,picture of a square
1428,a small circle on a pale background
1429,a square in the middle of the frame
1430,a triangle in the middle of the frame
1431,a small star on a pale background
1432,picture of a triangle
1433,a small triangle on a pale background
1434,a small triangle on a pale background
1435,"a single circle, centred"
1436,a star in the middle of the frame
1437,one square shape
1438,"a single triangle, centred"
1439,a circle in the middle of the frame
1440,a star in the middle of the frame
1441,a star in the middle of the frame
1442,one square shape
1443,a square in the middle of the frame
1444,a small triangle on a pale background
1445,one square shape
1446,picture of a triangle
1447,picture of a square
1448,one triangle shape
1449,one triangle shape
1450,picture of a circle
1451,picture of a triangle
1452,picture of a star
1453,a triangle in the middle of the frame
1454,a star in the middle of the frame
1455,"a single circle, centred"
1456,"a single square, centred"
1457,picture of a triangle
1458,a square in the middle of the frame
1459,a small star on a pale background
1460,a star in the middle of the frame
1461,a small triangle on a pale background
1462,picture of a circle
1463,a small square on a pale background
1464,a small circle on a pale background
1465,a small triangle on a pale background
1466,a circle in the middle of the frame
1467,a circle in the middle of the frame
1468,a small triangle on a pale background
1469,a triangle in the middle of the frame
1470,a small square on a pale background
1471,a triangle in the middle of the frame
1472,"a single circle, centred"
1473,"a single triangle, centred"
1474,"a single circle, centred"
1475,picture of a star
1476,"a single triangle, centred"
1477,a small star on a pale background
1478,"a single square, centred"
1479,picture of a star
1480,picture of a triangle
1481,picture of a star
1482,a small circle on a pale background
1483,picture of a square
1484,picture of a star
1485,a small triangle on a pale background
1486,picture of a circle
1487,a triangle in the middle of the frame
1488,a triangle in the middle of the frame
1489,picture of a star
1490,"a single star, centred"
1491,a small square on a pale background
1492,picture of a triangle
1493,a star in the middle of the frame
1494,one triangle shape
1495,picture of a square
1496,one star shape
1497,one circle shape
1498,"a single square, centred"
1499,"a single circle, centred"
1500,"a single triangle, centred"
1501,"a single star, centred"
1502,a circle in the middle of the frame
1503,one triangle shape
1504,a small star on a pale background
1505,a triangle in the middle of the frame
1506,one circle shape
1507,a star in the middle of the frame
1508,"a single triangle, centred"
1509,picture of a star
1510,a star in the middle of the frame
1511,a circle in the middle of the frame
1512,one triangle shape
1513,picture of a triangle
1514,picture of a triangle
1515,a star in the middle of the frame
1516,picture of a triangle
1517,a small square on a pale background
1518,one star shape
1519,a small triangle on a pale background
1520,a square in the middle of the frame
1521,"a single star, centred"
1522,a triangle in the middle of the frame
1523,picture of a circle
1524,a small square on a pale background
1525,a small square on a pale background
1526,a small circle on a pale background
1527,picture of a star
1528,a square in the middle of the frame
1529,picture of a triangle
1530,"a single square, centred"
1531,"a single star, centred"
1532,picture of a triangle
1533,a circle in the middle of the frame
1534,picture of a square
1535,a small triangle on a pale background
1536,a star in the middle of the frame
1537,a small star on a pale background
1538,one circle shape
1539,"a single triangle, centred"
1540,picture of a triangle
1541,picture of a triangle
1542,a star in the middle of the frame
1543,"a single triangle, centred"
1544,one triangle shape
1545,one star shape
1546,a square in the middle of the frame
1547,a triangle in the middle of the frame
1548,"a single star, centred"
1549,a square in the middle of the frame
1550,picture of a circle
1551,one circle shape
1552,a small square on a pale background
1553,one circle shape
1554,a small square on a pale background
1555,a star in the middle of the frame
1556,picture of a triangle
1557,one square shape
1558,"a single circle, centred"
1559,a small square on a pale background
1560,"a single square, centred"
1561,picture of a triangle
1562,a small circle on a pale background
1563,a small square on a pale background
1564,"a single square, centred"
1565,a star in the middle of the frame
1566,one star shape
1567,picture of a triangle
1568,"a single square, centred"
1569,"a single triangle, centred"
1570,a small circle on a pale background
1571,"a single star, centred"
1572,a small triangle on a pale background
1573,picture of a triangle
1574,a circle in the middle of the frame
1575,one circle shape
1576,"a single circle, centred"
1577,a small triangle on a pale background
1578,one circle shape
1579,a small square on a pale background
1580,"a single star, centred"
1581,picture of a triangle
1582,a star in the middle of the frame
1583,picture of a circle
1584,one star shape
1585,one square shape
1586,a square in the middle of the frame
1587,a triangle in the middle of the frame
1588,"a single star, centred"
1589,a star in the middle of the frame
1590,a small star on a pale background
1591,"a single square, centred"
1592,one circle shape
1593,one triangle shape
1594,a small circle on a pale background
1595,one square shape
1596,"a single square, centred"
1597,one triangle shape
1598,a small square on a pale background
1599,a star in the middle of the frame
1600,one square shape
1601,"a single circle, centred"
1602,a triangle in the middle of the frame
1603,"a single square, centred"
1604,a small triangle on a pale background
1605,one circle shape
1606,a small circle on a pale background
1607,picture of a triangle
1608,"a single triangle, centred"
1609,a circle in the middle of the frame
1610,"a single triangle, centred"
1611,one triangle shape
1612,"a single triangle, centred"
1613,"a single circle, centred"
1614,one star shape
1615,picture of a circle
1616,one square shape
1617,picture of a triangle
1618,a small triangle on a pale background
1619,one circle shape
1620,picture of a star
1621,"a single square, centred"
1622,a small circle on a pale background
1623,a triangle in the middle of the frame
1624,a small star on a pale background
1625,picture of a triangle
1626,picture of a triangle
1627,"a single square, centred"
1628,picture of a circle
1629,picture of a triangle
1630,"a single square, centred"
1631,picture of a square
1632,"a single circle, centred"
1633,a small triangle on a pale background
1634,one triangle shape
1635,a small square on a pale background
1636,one triangle shape
1637,picture of a triangle
1638,a circle in the middle of the frame
1639,one circle shape
1640,a small square on a pale background
1641,a star in the middle of the frame
1642,"a single circle, centred"
1643,"a single star, centred"
1644,one square shape
1645,a small circle on a pale background
1646,a small square on a pale background
1647,a small triangle on a pale background
1648,picture of a circle
1649,"a single circle, centred"
1650,"a single square, centred"
1651,picture of a square
1652,"a single circle, centred"
1653,"a single square, centred"
1654,one star shape
1655,"a single circle, centred"
1656,a star in the middle of the frame
1657,"a single circle, centred"
1658,picture of a circle
1659,one star shape
1660,picture of a square
1661,a small triangle on a pale background
1662,picture of a star
1663,picture of a star
1664,"a single circle, centred"
1665,one circle shape
1666,a circle in the middle of the frame
1667,a circle in the middle of the frame
1668,"a single square, centred"
1669,a small circle on a pale background
1670,"a single triangle, centred"
1671,one triangle shape
1672,one triangle shape
1673,picture of a triangle
1674,picture of a star
1675,a square in the middle of the frame
1676,a star in the middle of the frame
1677,"a single square, centred"
1678,"a single triangle, centred"
1679,one square shape
1680,a star in the middle of the frame
1681,"a single triangle, centred"
1682,a small square on a pale background
1683,a star in the middle of the frame
1684,picture of a circle
1685,a circle in the middle of the frame
1686,a small square on a pale background
1687,picture of a circle
1688,"a single star, centred"
1689,one square shape
1690,picture of a circle
1691,a small triangle on a pale background
1692,"a single square, centred"
1693,picture of a circle
1694,one triangle shape
1695,"a single square, centred"
1696,a small star on a pale background
1697,picture of a circle
1698,picture of a circle
1699,"a single circle, centred"
1700,a small circle on a pale background
1701,a small circle on a pale background
1702,"a single star, centred"
1703,"a single square, centred"
1704,"a single triangle, centred"
1705,a small star on a pale background
1706,one triangle shape
1707,a triangle in the middle of the frame
1708,one square shape
1709,a star in the middle of the frame
1710,one triangle shape
1711,a triangle in the middle of the frame
1712,picture of a circle
1713,"a single square, centred"
1714,picture of a square
1715,picture of a square
1716,"a single circle, centred"
1717,picture of a star
1718,"a single square, centred"
1719,a small triangle on a pale background
1720,picture of a triangle
1721,a small square on a pale background
1722,"a single triangle, centred"
1723,a small triangle on a pale background
1724,a star in the middle of the frame
1725,"a single square, centred"
1726,"a single circle, centred"
1727,a circle in the middle of the frame
1728,a circle in the middle of the frame
1729,a square in the middle of the frame
1730,one square shape
1731,one circle shape
1732,a star in the middle of the frame
1733,"a single square, centred"
1734,picture of a circle
1735,"a single triangle, centred"
1736,a small square on a pale background
1737,a small star on a pale background
1738,a small star on a pale background
1739,"a single star, centred"
1740,picture of a square
1741,"a single circle, centred"
1742,a square in the middle of the frame
1743,"a single square, centred"
1744,one triangle shape
1745,picture of a circle
1746,picture of a triangle
1747,picture of a star
1748,a star in the middle of the frame
1749,"a single star, centred"
1750,one square shape
1751,"a single circle, centred"
1752,a square in the middle of the frame
1753,"a single star, centred"
1754,one circle shape
1755,a circle in the middle of the frame
1756,picture of a circle
1757,picture of a square
1758,one star shape
1759,picture of a circle
1760,a star in the middle of the frame
1761,one square shape
1762,a square in the middle of the frame
1763,picture of a square
1764,a star in the middle of the frame
1765,"a single star, centred"
1766,one triangle shape
1767,"a single square, centred"
1768,one circle shape
1769,one triangle shape
1770,one star shape
1771,"a single circle, centred"
1772,"a single star, centred"
1773,"a single circle, centred"
1774,"a single square, centred"
1775,"a single triangle, centred"
1776,"a single square, centred"
1777,one triangle shape
1778,a small circle on a pale background
1779,a circle in the middle of the frame
1780,picture of a triangle
1781,picture of a square
1782,one circle shape
1783,"a single star, centred"
1784,a triangle in the middle of the frame
1785,a small square on a pale background
1786,one star shape
1787,"a single star, centred"
1788,a small triangle on a pale background
1789,"a single star, centred"
1790,"a single square, centred"
1791,picture of a square
1792,picture of a circle
1793,a small square on a pale background
1794,a triangle in the middle of the frame
1795,a star in the middle of the frame
1796,picture of a circle
1797,one star shape
1798,one circle shape
1799,one star shape
1800,a small star on a pale background
1801,one triangle shape
1802,picture of a star
1803,one circle shape
1804,"a single circle, centred"
1805,a small circle on a pale background
1806,a small circle on a pale background
1807,a star in the middle of the frame
1808,picture of a circle
1809,a small square on a pale background
1810,one square shape
1811,a star in the middle of the frame
1812,picture of a triangle
1813,a triangle in the middle of the frame
1814,picture of a square
1815,one square shape
1816,"a single star, centred"
1817,"a single triangle, centred"
1818,"a single circle, centred"
1819,one square shape
1820,a circle in the middle of the frame
1821,a small square on a pale background
1822,one star shape
1823,one square shape
1824,a small circle on a pale background
1825,one triangle shape
1826,one circle shape
1827,picture of a square
1828,a square in the middle of the frame
1829,picture of a circle
1830,one square shape
1831,one triangle shape
1832,"a single circle, centred"
1833,"a single triangle, centred"
1834,a small circle on a pale background
1835,a small square on a pale background
1836,a circle in the middle of the frame
1837,a triangle in the middle of the frame
1838,"a single star, centred"
1839,a circle in the middle of the frame
1840,"a single triangle, centred"
1841,a small square on a pale background
1842,a small star on a pale background
1843,"a single circle, centred"
1844,picture of a square
1845,picture of a star
1846,"a single circle, centred"
1847,picture of a star
1848,one circle shape
1849,a square in the middle of the frame
1850,a small triangle on a pale background
1851,one circle shape
1852,picture of a triangle
1853,one circle shape
1854,one circle shape
1855,a small triangle on a pale background
1856,"a single circle, centred"
1857,"a single circle, centred"
1858,"a single square, centred"
1859,one circle shape
1860,picture of a square
1861,"a single star, centred"
1862,one circle shape
1863,a small star on a pale background
1864,"a single circle, centred"
1865,a square in the middle of the frame
1866,"a single circle, centred"
1867,picture of a circle
1868,a small square on a pale background
1869,one square shape
1870,"a single star, centred"
1871,a star in the middle of the frame
1872,one star shape
1873,"a single triangle, centred"
1874,a small triangle on a pale background
1875,a circle in the middle of the frame
1876,one circle shape
1877,one square shape
1878,a triangle in the middle of the frame
1879,one star shape
1880,"a single triangle, centred"
1881,picture of a circle
1882,one circle shape
1883,a small square on a pale background
1884,"a single star, centred"
1885,a star in the middle of the frame
1886,picture of a circle
1887,picture of a triangle
1888,one square shape
1889,picture of a circle
1890,"a single circle, centred"
1891,one square shape
1892,one triangle shape
1893,one circle shape
1894,"a single triangle, centred"
1895,one triangle shape
1896,picture of a star
1897,a small square on a pale background
1898,"a single triangle, centred"
1899,picture of a square
1900,"a single square, centred"
1901,a triangle in the middle of the frame
1902,picture of a triangle
1903,one triangle shape
1904,one star shape
1905,"a single square, centred"
1906,picture of a square
1907,"a single square, centred"
1908,a circle in the middle of the frame
1909,picture of a square
1910,a small triangle on a pale background
1911,one star shape
1912,picture of a square
1913,a star in the middle of the frame
1914,a small square on a pale background
1915,a small triangle on a pale background
1916,"a single square, centred"
1917,a circle in the middle of the frame
1918,a square in the middle of the frame
1919,picture of a circle
1920,a small circle on a pale background
1921,"a single circle, centred"
1922,one square shape
1923,a square in the middle of the frame
1924,a small circle on a pale background
1925,a small square on a pale background
1926,a triangle in the middle of the frame
1927,picture of a triangle
1928,a small star on a pale background
1929,one circle shape
1930,"a single star, centred"
1931,picture of a circle
1932,one star shape
1933,a star in the middle of the frame
1934,one square shape
1935,picture of a star
1936,"a single star, centred"
1937,picture of a square
1938,a square in the middle of the frame
1939,one star shape
1940,a star in the middle of the frame
1941,a small triangle on a pale background
1942,picture of a triangle
1943,one circle shape
1944,"a single square, centred"
1945,a square in the middle of the frame
1946,a star in the middle of the frame
1947,one circle shape
1948,a triangle in the middle of the frame
1949,a square in the middle of the frame
1950,a square in the middle of the frame
1951,"a single square, centred"
1952,a small star on a pale background
1953,a square in the middle of the frame
1954,"a single circle, centred"
1955,a small circle on a pale background
1956,a circle in the middle of the frame
1957,one star shape
1958,a star in the middle of the frame
1959,picture of a triangle
1960,"a single triangle, centred"
1961,one square shape
1962,picture of a square
1963,"a single triangle, centred"
1964,a square in the middle of the frame
1965,"a single square, centred"
1966,a star in the middle of the frame
1967,"a single circle, centred"
1968,a circle in the middle of the frame
1969,a square in the middle of the frame
1970,picture of a square
1971,picture of a square
1972,a small triangle on a pale background
1973,picture of a square
1974,a small star on a pale background
1975,"a single square, centred"
1976,a small square on a pale background
1977,one triangle shape
1978,one circle shape
1979,a circle in the middle of the frame
1980,a star in the middle of the frame
1981,"a single circle, centred"
1982,picture of a star
1983,picture of a star
1984,a small star on a pale background
1985,picture of a triangle
1986,one triangle shape
1987,a small star on a pale background
1988,"a single square, centred"
1989,picture of a star
1990,"a single triangle, centred"
1991,a triangle in the middle of the frame
1992,a triangle in the middle of the frame
1993,one star shape
1994,picture of a star
1995,one square shape
1996,one triangle shape
1997,"a single star, centred"
1998,"a single triangle, centred"
1999,picture of a triangle
